{"cameraMode":{"drawMode":0,"name":"Shaded","section":"Shading Mode"},"sceneLighting":true,"audioPlay":false,"sceneViewState":{"m_AlwaysRefresh":false,"showFog":true,"showSkybox":false,"showFlares":true,"showImageEffects":true,"showParticleSystems":true,"showVisualEffectGraphs":true,"m_FxEnabled":true},"in2DMode":false,"pivot":{"x":404.13311767578127,"y":177.7047119140625,"z":0.006866455078125},"rotation":{"x":-0.007499794941395521,"y":-0.005999795161187649,"z":-0.00004499930946622044,"w":0.9999538660049439},"size":364.192138671875,"orthographic":true}